hub,date,price_high,price_low,price_avg,volume,trades,counterparties
algonquin,2017-01-03,6.00,6.00,6.00,"1,000",1,2
algonquin,2017-01-04,13.35,12.95,13.17,"63,800",18,20
algonquin,2017-01-18,3.65,3.60,3.63,"10,000",2,2
algonquin,2017-01-23,3.65,3.65,3.65,"7,500",2,4
algonquin,2017-01-24,3.65,3.65,3.65,"6,200",2,2
algonquin,2017-01-26,4.25,4.15,4.25,"5,100",3,5
algonquin,2017-01-31,4.80,4.50,4.74,"6,800",4,4
algonquin,2017-02-01,5.15,5.15,5.15,"1,100",1,2
algonquin,2017-02-02,5.35,4.90,5.03,"10,900",5,7
algonquin,2017-02-03,4.70,4.25,4.67,"18,100",5,5
algonquin,2017-02-06,3.00,3.00,3.00,"4,500",2,3
algonquin,2017-02-07,3.50,3.50,3.50,"1,500",1,2
algonquin,2017-02-08,6.25,6.25,6.25,"1,500",1,2
algonquin,2017-02-09,5.90,5.90,5.90,"1,200",1,2
algonquin,2017-02-15,3.98,3.98,3.98,"5,000",1,2
algonquin,2017-02-16,3.50,3.50,3.50,"10,000",2,2
algonquin,2017-02-21,2.85,2.65,2.78,"7,500",2,4
algonquin,2017-02-22,2.30,2.30,2.30,"1,500",1,2
algonquin,2017-02-23,2.20,2.20,2.20,"7,500",3,2
algonquin,2017-02-24,2.52,2.27,2.27,"5,000",1,2
algonquin,2017-02-27,2.25,2.15,2.21,"19,500",5,7
algonquin,2017-03-01,3.50,3.50,3.50,"4,300",1,2
algonquin,2017-03-02,4.50,4.35,4.46,"11,700",4,6
algonquin,2017-03-03,4.05,4.05,4.05,700,1,2
algonquin,2017-03-09,6.40,5.90,6.07,"13,000",3,4
algonquin,2017-03-10,8.50,7.60,8.13,"27,000",7,5
algonquin,2017-03-13,8.25,7.50,7.88,"23,000",5,6
algonquin,2017-03-14,8.15,8.05,8.10,"9,200",3,5
algonquin,2017-03-15,7.35,7.35,7.35,"5,000",1,2
algonquin,2017-03-16,6.75,6.50,6.61,"9,200",2,4
algonquin,2017-03-17,4.65,4.45,4.56,"16,000",3,4
algonquin,2017-03-21,7.15,6.75,6.92,"20,300",5,5
algonquin,2017-03-22,4.50,4.25,4.44,"5,600",4,5
algonquin,2017-03-23,2.80,2.80,2.80,"5,000",1,2
algonquin,2017-03-24,2.60,2.60,2.60,"1,500",1,2
algonquin,2017-03-27,2.85,2.85,2.85,"10,000",2,3
algonquin,2017-03-28,2.95,2.95,2.95,"5,000",1,2
algonquin,2017-03-29,3.25,3.17,3.23,"22,300",6,2
algonquin,2017-03-30,3.96,3.96,3.96,"4,400",1,2
algonquin,2017-03-31,3.86,3.85,3.85,"3,400",2,3
algonquin,2017-04-04,3.90,3.90,3.90,"1,500",1,2
algonquin,2017-04-05,3.40,3.40,3.40,"2,500",1,2
algonquin,2017-04-12,3.03,3.03,3.03,"5,000",1,2
algonquin,2017-04-13,2.60,2.60,2.60,100,1,2
algonquin,2017-04-17,3.35,3.21,3.32,"5,700",5,6
algonquin,2017-04-18,3.50,3.50,3.50,"4,100",1,2
algonquin,2017-04-20,2.89,2.89,2.89,500,1,2
algonquin,2017-04-21,2.80,2.74,2.77,"9,000",2,3
algonquin,2017-04-24,3.60,3.60,3.60,"3,500",2,4
algonquin,2017-04-25,2.75,2.75,2.75,300,1,2
algonquin,2017-05-04,3.10,3.10,3.10,300,1,2
algonquin,2017-05-05,3.30,3.30,3.30,"10,000",2,3
algonquin,2017-05-08,3.30,3.29,3.30,"5,100",2,3
algonquin,2017-05-10,3.19,3.19,3.19,"2,400",2,3
algonquin,2017-05-11,3.25,3.22,3.24,"7,500",2,3
algonquin,2017-05-17,5.00,4.50,5.00,"20,100",7,5
algonquin,2017-05-23,3.05,3.05,3.05,"11,000",3,3
algonquin,2017-05-25,2.84,2.84,2.84,"5,000",1,2
algonquin,2017-05-30,2.40,2.40,2.40,"8,900",1,2
algonquin,2017-06-09,3.10,2.85,2.86,"2,100",2,3
algonquin,2017-06-12,3.28,3.28,3.28,"2,500",1,2
algonquin,2017-06-13,2.10,2.10,2.10,"1,000",1,2
algonquin,2017-06-16,2.52,2.40,2.46,"17,100",4,7
algonquin,2017-06-19,2.70,2.65,2.66,"7,100",3,4
algonquin,2017-06-21,2.90,2.90,2.90,"7,500",2,2
algonquin,2017-06-23,2.53,2.45,2.50,"7,000",2,4
algonquin,2017-06-27,2.46,2.33,2.45,"5,400",2,3
algonquin,2017-06-29,3.28,3.22,3.25,"17,200",4,4
algonquin,2017-07-06,2.22,2.20,2.20,"12,000",3,4
algonquin,2017-07-10,2.40,2.40,2.40,"10,000",2,3
algonquin,2017-07-11,2.85,2.75,2.79,"13,800",3,4
algonquin,2017-07-14,2.60,2.60,2.60,"5,000",1,2
algonquin,2017-07-17,3.15,3.15,3.15,"5,000",1,2
algonquin,2017-07-18,3.70,3.50,3.59,"15,500",4,4
algonquin,2017-07-19,4.15,3.95,4.01,"11,500",3,5
algonquin,2017-07-20,3.45,3.30,3.38,"18,000",4,6
algonquin,2017-07-31,2.82,2.82,2.82,"6,500",1,2
algonquin,2017-08-02,3.25,3.25,3.25,"5,000",1,2
algonquin,2017-08-10,2.10,2.10,2.10,"5,500",2,2
algonquin,2017-08-23,2.28,2.28,2.28,100,1,2
algonquin,2017-09-25,3.35,3.35,3.35,"7,500",2,3
algonquin,2017-10-06,2.75,2.75,2.75,100,1,2
algonquin,2017-10-26,3.12,3.12,3.12,"2,500",1,2
algonquin,2017-10-31,2.40,2.30,2.31,"5,500",3,5
algonquin,2017-11-01,1.35,1.20,1.34,"5,500",2,4
algonquin,2017-11-06,2.50,2.50,2.50,100,1,2
algonquin,2017-11-09,9.00,8.50,8.75,"10,100",3,4
algonquin,2017-11-10,7.00,6.00,6.67,"7,600",4,5
algonquin,2017-11-13,4.25,4.25,4.25,"8,100",2,4
algonquin,2017-11-14,3.60,3.60,3.60,"5,000",1,2
algonquin,2017-11-16,4.20,4.00,4.12,"12,000",3,3
algonquin,2017-11-29,3.50,3.50,3.50,"3,000",1,2
algonquin,2017-12-06,4.45,4.45,4.45,"1,000",1,2
algonquin,2017-12-11,6.25,6.25,6.25,"3,400",1,2
algonquin,2017-12-12,10.00,10.00,10.00,500,1,2
algonquin,2017-12-14,7.75,7.75,7.75,200,1,2
algonquin,2017-12-19,11.75,11.00,11.06,"5,900",5,6
algonquin,2017-12-22,18.00,16.00,17.32,700,3,5
algonquin,2017-12-26,55.00,50.00,52.22,900,4,5
algonquin,2017-12-27,28.00,22.00,24.30,"1,000",4,7
algonquin,2017-12-28,19.00,19.00,19.00,200,1,2
nepool,2017-01-03,45.50,44.75,45.01,"13,600",17,11
nepool,2017-01-04,62.00,58.00,59.83,"10,400",13,10
nepool,2017-01-05,78.00,64.00,68.93,"32,000",38,15
nepool,2017-01-06,89.50,87.00,88.06,"6,400",8,9
nepool,2017-01-09,52.75,51.00,51.78,"26,400",33,14
nepool,2017-01-10,38.50,37.00,38.15,"27,200",34,16
nepool,2017-01-11,33.00,31.50,32.03,"35,200",41,19
nepool,2017-01-12,43.25,37.75,41.24,"68,000",85,28
nepool,2017-01-16,43.25,43.25,43.25,800,1,2
nepool,2017-01-17,36.00,35.00,35.45,"20,000",22,12
nepool,2017-01-18,35.00,33.50,34.32,"20,800",25,14
nepool,2017-01-19,35.00,34.00,34.60,"20,800",26,14
nepool,2017-01-20,36.50,36.00,36.43,"18,400",23,14
nepool,2017-01-23,35.75,34.05,34.70,"30,400",38,16
nepool,2017-01-24,32.75,32.45,32.52,"14,400",18,13
nepool,2017-01-25,33.00,32.00,32.46,"34,400",42,14
nepool,2017-01-26,37.00,36.25,36.54,"18,400",23,13
nepool,2017-01-27,52.50,50.00,51.83,"12,000",13,10
nepool,2017-01-30,48.00,46.50,46.82,"12,800",16,9
nepool,2017-01-31,39.00,38.50,38.68,"13,600",13,12
nepool,2017-02-01,46.00,44.00,45.13,"33,600",41,22
nepool,2017-02-02,44.00,42.75,43.26,"35,200",41,16
nepool,2017-02-03,40.00,37.75,38.34,"19,200",24,16
nepool,2017-02-06,31.50,30.50,31.02,"27,200",33,18
nepool,2017-02-07,30.00,29.00,29.51,"44,000",46,21
nepool,2017-02-08,50.00,46.25,47.66,"32,800",39,18
nepool,2017-02-09,56.00,51.50,52.79,"24,000",29,15
nepool,2017-02-13,41.00,39.90,40.71,"33,600",41,17
nepool,2017-02-14,33.75,32.00,33.25,"28,800",33,18
nepool,2017-02-15,35.00,33.00,33.62,"22,400",24,14
nepool,2017-02-16,32.00,31.00,31.58,"10,400",12,7
nepool,2017-02-17,28.00,28.00,28.00,"11,200",14,8
nepool,2017-02-21,26.00,25.00,25.64,"12,800",14,10
nepool,2017-02-22,21.75,21.50,21.58,"8,000",10,8
nepool,2017-02-23,23.00,22.00,22.29,"23,200",26,15
nepool,2017-02-27,22.25,22.00,22.18,"11,200",10,8
nepool,2017-02-28,21.30,21.00,21.10,"18,400",22,15
nepool,2017-03-01,27.00,25.50,26.19,"32,000",33,19
nepool,2017-03-02,35.25,32.75,34.25,"17,600",21,15
nepool,2017-03-03,31.00,31.00,31.00,"4,800",6,6
nepool,2017-03-06,25.00,23.25,23.65,"8,000",10,12
nepool,2017-03-07,22.00,21.00,21.65,"24,000",29,17
nepool,2017-03-08,27.50,26.25,26.60,"8,000",10,11
nepool,2017-03-09,44.00,38.00,41.60,"32,000",40,16
nepool,2017-03-10,56.50,56.50,56.50,800,1,2
nepool,2017-03-13,69.00,65.00,67.55,"11,200",14,11
nepool,2017-03-14,65.00,64.75,64.84,"6,400",8,6
nepool,2017-03-15,63.00,60.00,61.17,"9,600",12,11
nepool,2017-03-16,52.25,51.50,51.75,"4,000",5,6
nepool,2017-03-17,43.00,36.00,38.93,"5,600",7,10
nepool,2017-03-20,32.25,31.00,31.63,"25,600",32,17
nepool,2017-03-21,49.50,48.00,49.18,"8,000",10,10
nepool,2017-03-22,43.00,38.00,39.84,"28,800",29,16
nepool,2017-03-23,31.00,27.00,29.35,"33,600",40,17
nepool,2017-03-24,28.75,28.75,28.75,"6,400",8,6
nepool,2017-03-27,32.50,30.00,32.12,"31,200",33,19
nepool,2017-03-28,30.25,29.25,29.43,"23,200",28,16
nepool,2017-03-29,32.75,31.75,32.14,"25,600",32,16
nepool,2017-03-30,37.50,35.75,36.77,"50,400",56,22
nepool,2017-04-03,43.00,41.00,42.14,"22,400",27,17
nepool,2017-04-04,39.00,38.00,38.79,"16,000",16,15
nepool,2017-04-05,40.00,38.00,38.95,"71,200",84,25
nepool,2017-04-06,39.00,37.75,38.42,"12,800",16,13
nepool,2017-04-10,35.50,33.50,34.66,"25,600",30,23
nepool,2017-04-11,34.25,33.75,33.85,"32,800",29,18
nepool,2017-04-12,31.50,30.00,30.92,"26,400",29,19
nepool,2017-04-13,28.50,28.00,28.16,"20,000",23,17
nepool,2017-04-17,34.50,34.20,34.41,"11,200",14,12
nepool,2017-04-18,33.75,33.50,33.58,"17,600",22,16
nepool,2017-04-19,29.00,28.25,28.68,"13,600",17,15
nepool,2017-04-20,30.00,29.00,29.34,"19,200",24,17
nepool,2017-04-24,35.50,31.00,32.28,"25,600",31,25
nepool,2017-04-25,28.65,27.75,28.01,"25,600",31,18
nepool,2017-04-26,32.25,31.00,31.48,"26,400",33,24
nepool,2017-04-27,30.50,30.10,30.43,"9,600",12,10
nepool,2017-04-28,31.00,30.25,30.47,"6,400",8,4
nepool,2017-05-01,31.75,31.25,31.46,"20,800",26,13
nepool,2017-05-02,33.75,31.50,32.03,"19,200",21,16
nepool,2017-05-03,33.00,31.75,32.48,"48,800",58,21
nepool,2017-05-04,31.75,30.75,31.15,"35,200",42,16
nepool,2017-05-05,32.00,32.00,32.00,"3,200",4,5
nepool,2017-05-08,32.00,31.00,31.69,"7,200",6,7
nepool,2017-05-09,30.00,29.75,29.91,"8,800",11,9
nepool,2017-05-10,29.75,29.50,29.61,"5,600",7,8
nepool,2017-05-11,30.00,29.25,29.57,"20,800",19,9
nepool,2017-05-15,35.00,33.50,34.23,"24,800",25,17
nepool,2017-05-16,40.00,38.50,39.76,"20,000",23,16
nepool,2017-05-17,62.50,61.00,61.15,"21,600",27,19
nepool,2017-05-18,42.25,40.75,41.26,"17,600",22,14
nepool,2017-05-22,31.50,30.25,30.84,"20,800",25,11
nepool,2017-05-23,33.00,32.00,32.71,"31,200",38,20
nepool,2017-05-24,30.50,30.00,30.14,"19,200",23,17
nepool,2017-05-30,25.50,25.00,25.39,"5,600",7,7
nepool,2017-05-31,24.05,22.85,23.11,"33,600",38,12
nepool,2017-06-01,24.25,23.00,23.42,"16,800",17,14
nepool,2017-06-02,23.00,23.00,23.00,"3,200",4,6
nepool,2017-06-05,23.25,23.00,23.01,"16,800",21,14
nepool,2017-06-06,23.00,22.45,22.54,"25,600",22,12
nepool,2017-06-07,23.25,23.00,23.03,"25,600",29,18
nepool,2017-06-08,21.50,21.00,21.17,"16,800",12,10
nepool,2017-06-09,50.25,50.00,50.19,"3,200",4,6
nepool,2017-06-12,56.00,55.00,55.50,"12,000",15,13
nepool,2017-06-13,30.00,28.00,28.72,"29,600",34,16
nepool,2017-06-14,25.00,24.00,24.15,"28,000",29,16
nepool,2017-06-15,22.50,22.00,22.28,"7,200",9,8
nepool,2017-06-16,34.25,34.00,34.21,"4,800",6,7
nepool,2017-06-19,35.00,34.25,34.49,"28,800",33,16
nepool,2017-06-20,30.00,29.50,29.61,"30,400",35,16
nepool,2017-06-21,29.00,28.50,28.79,"20,800",16,10
nepool,2017-06-22,38.00,36.75,37.51,"21,600",27,14
nepool,2017-06-23,27.50,26.50,26.97,"7,200",6,7
nepool,2017-06-26,22.80,22.50,22.68,"25,600",26,13
nepool,2017-06-27,25.50,25.00,25.11,"20,800",25,15
nepool,2017-06-28,30.00,29.25,29.54,"11,200",14,12
nepool,2017-06-29,43.00,42.00,42.51,"21,600",27,15
nepool,2017-06-30,34.00,34.00,34.00,"2,400",2,4
nepool,2017-07-05,27.50,27.50,27.50,"7,200",6,5
nepool,2017-07-06,27.25,27.00,27.16,"23,200",24,13
nepool,2017-07-07,34.25,34.25,34.25,"4,800",5,4
nepool,2017-07-10,37.50,37.00,37.30,"12,000",15,11
nepool,2017-07-11,44.00,42.00,43.05,"36,800",44,22
nepool,2017-07-12,35.25,33.00,34.90,"26,400",28,14
nepool,2017-07-13,27.25,26.00,26.68,"32,800",36,20
nepool,2017-07-14,37.00,37.00,37.00,"2,400",3,4
nepool,2017-07-17,39.00,37.00,38.68,"18,400",23,17
nepool,2017-07-18,54.00,47.75,48.88,"24,800",29,17
nepool,2017-07-19,58.25,57.50,57.90,"27,200",34,23
nepool,2017-07-20,48.75,48.00,48.53,"8,000",10,9
nepool,2017-07-21,29.50,29.00,29.18,"17,600",13,9
nepool,2017-07-24,26.00,25.50,25.97,"15,200",19,14
nepool,2017-07-25,26.00,25.00,25.70,"42,400",38,19
nepool,2017-07-26,27.00,25.85,26.19,"26,400",26,16
nepool,2017-07-27,27.75,26.75,27.23,"50,400",55,17
nepool,2017-07-28,25.50,25.50,25.50,800,1,2
nepool,2017-07-31,36.00,34.00,35.81,"29,600",34,19
nepool,2017-08-01,38.50,35.75,36.89,"45,600",52,19
nepool,2017-08-02,42.00,39.25,39.94,"29,600",35,19
nepool,2017-08-03,33.00,31.75,32.40,"23,200",26,16
nepool,2017-08-04,25.50,25.50,25.50,"5,600",7,6
nepool,2017-08-07,26.00,25.25,25.80,"12,800",16,12
nepool,2017-08-08,27.00,26.75,26.91,"14,400",18,8
nepool,2017-08-09,29.00,28.50,28.71,"10,400",13,14
nepool,2017-08-10,26.50,25.00,25.99,"12,800",16,10
nepool,2017-08-14,33.25,32.50,32.68,"20,000",21,12
nepool,2017-08-15,38.50,36.50,37.93,"25,600",27,16
nepool,2017-08-16,29.30,28.75,29.00,"36,000",42,18
nepool,2017-08-17,29.00,27.75,28.27,"40,800",47,20
nepool,2017-08-18,47.00,45.25,46.17,"18,400",23,16
nepool,2017-08-21,48.50,45.00,46.62,"32,800",37,14
nepool,2017-08-22,33.25,32.50,32.71,"30,400",30,14
nepool,2017-08-23,26.50,25.75,26.13,"10,400",13,12
nepool,2017-08-24,23.00,23.00,23.00,"14,400",14,9
nepool,2017-08-28,22.00,21.75,21.95,"4,000",5,4
nepool,2017-08-29,24.00,24.00,24.00,"12,800",16,8
nepool,2017-08-30,25.50,25.00,25.31,"12,800",16,7
nepool,2017-08-31,18.50,18.50,18.50,"8,000",10,8
nepool,2017-09-01,26.50,26.50,26.50,800,1,2
nepool,2017-09-05,23.75,23.25,23.65,"4,000",5,3
nepool,2017-09-06,24.25,23.50,23.94,"17,600",18,12
nepool,2017-09-08,19.25,18.75,19.03,"9,600",8,6
nepool,2017-09-11,23.00,22.50,22.79,"12,800",16,12
nepool,2017-09-12,26.00,25.25,25.42,"19,200",22,9
nepool,2017-09-13,27.00,26.50,26.70,"21,600",22,13
nepool,2017-09-14,25.25,24.75,24.93,"18,400",20,17
nepool,2017-09-18,29.25,27.75,28.84,"13,600",17,14
nepool,2017-09-19,35.30,33.50,34.67,"30,400",33,18
nepool,2017-09-20,38.25,33.00,35.95,"49,600",55,22
nepool,2017-09-21,29.50,28.50,28.88,"40,000",47,17
nepool,2017-09-22,60.00,58.00,59.58,"9,600",12,13
nepool,2017-09-25,55.00,51.65,53.86,"4,000",5,6
nepool,2017-09-26,55.00,50.00,52.66,"20,000",23,16
nepool,2017-09-27,32.00,29.50,30.24,"31,200",37,14
nepool,2017-09-28,23.00,22.00,22.41,"24,800",30,16
nepool,2017-09-29,24.50,24.00,24.09,"8,800",10,8
nepool,2017-10-02,25.00,24.50,24.76,"20,000",25,15
nepool,2017-10-03,30.00,29.50,29.74,"15,200",17,13
nepool,2017-10-04,32.00,29.50,31.08,"16,000",19,13
nepool,2017-10-05,32.75,30.50,32.22,"14,400",18,11
nepool,2017-10-06,46.25,45.00,46.03,"12,800",14,10
nepool,2017-10-09,56.25,55.00,55.75,"10,400",10,10
nepool,2017-10-10,42.00,36.00,37.28,"18,400",23,12
nepool,2017-10-11,28.75,27.75,28.39,"5,600",7,8
nepool,2017-10-12,33.75,32.50,33.07,"8,800",11,12
nepool,2017-10-13,45.00,43.75,44.38,"1,600",2,4
nepool,2017-10-16,40.00,39.00,39.80,"15,200",19,11
nepool,2017-10-17,37.00,36.40,36.57,"21,600",24,12
nepool,2017-10-18,33.50,33.00,33.13,"10,400",13,12
nepool,2017-10-19,31.50,30.00,31.08,"10,400",13,11
nepool,2017-10-20,35.00,35.00,35.00,"4,800",6,5
nepool,2017-10-23,41.00,37.50,39.33,"29,600",37,23
nepool,2017-10-24,44.50,39.45,40.70,"28,800",33,16
nepool,2017-10-25,42.50,39.00,41.06,"19,200",24,13
nepool,2017-10-26,32.25,32.00,32.14,"12,800",14,8
nepool,2017-10-30,30.50,29.75,29.95,"11,200",14,11
nepool,2017-10-31,27.75,22.50,26.33,"21,600",26,14
nepool,2017-11-01,23.00,21.00,22.29,"24,800",31,15
nepool,2017-11-02,20.00,19.00,19.87,"23,200",27,11
nepool,2017-11-06,30.50,28.50,29.71,"44,000",50,24
nepool,2017-11-07,38.25,37.50,37.92,"7,200",9,9
nepool,2017-11-08,39.00,38.00,38.25,"12,800",16,13
nepool,2017-11-09,70.00,53.00,64.63,"44,800",53,22
nepool,2017-11-10,54.00,48.50,51.90,"12,000",15,9
nepool,2017-11-13,58.00,55.00,56.19,"14,400",17,14
nepool,2017-11-14,39.00,38.00,38.45,"25,600",31,14
nepool,2017-11-15,38.25,36.50,37.28,"22,400",27,14
nepool,2017-11-16,38.75,38.00,38.30,"27,200",33,19
nepool,2017-11-17,43.50,41.00,42.27,"12,000",14,10
nepool,2017-11-20,33.00,32.50,32.85,"4,000",4,6
nepool,2017-11-21,32.25,32.00,32.15,"9,600",9,7
nepool,2017-11-22,29.25,29.25,29.25,800,1,2
nepool,2017-11-27,33.00,32.25,32.58,"2,400",3,5
nepool,2017-11-29,37.85,35.00,37.24,"19,200",24,12
nepool,2017-11-30,32.50,31.25,31.60,"27,200",31,14
nepool,2017-12-01,35.50,35.00,35.20,"8,000",10,8
nepool,2017-12-04,33.00,32.00,32.74,"16,800",16,10
nepool,2017-12-05,33.00,32.50,32.95,"28,800",27,15
nepool,2017-12-06,41.25,38.50,39.86,"8,000",10,12
nepool,2017-12-07,42.00,41.00,41.29,"16,800",21,13
nepool,2017-12-08,73.00,72.00,72.44,"10,400",13,12
nepool,2017-12-11,58.00,56.00,56.67,"18,400",23,16
nepool,2017-12-12,79.00,75.00,77.12,"15,200",16,11
nepool,2017-12-13,80.00,74.50,75.17,"28,000",34,17
nepool,2017-12-14,65.50,62.50,64.58,"15,200",19,10
nepool,2017-12-15,65.00,62.00,63.84,"10,400",12,10
nepool,2017-12-18,47.75,45.00,46.45,"11,200",14,12
nepool,2017-12-19,77.50,65.00,71.43,"26,400",33,18
nepool,2017-12-20,80.00,77.50,79.46,"20,000",25,16
nepool,2017-12-21,67.00,64.50,65.69,"17,600",21,14
nepool,2017-12-22,106.00,102.00,104.41,"13,600",17,10
nepool,2017-12-26,200.00,170.00,191.40,"8,000",8,8
nepool,2017-12-27,200.00,185.00,191.94,"14,400",17,14
nepool,2017-12-28,185.00,164.00,170.08,"9,600",12,10
algonquin,2016-01-04,8.00,7.75,7.92,"15,000",2,3
algonquin,2016-01-05,5.75,5.50,5.59,"25,500",5,7
algonquin,2016-01-06,5.10,4.90,4.98,"13,000",4,8
algonquin,2016-01-07,4.00,3.00,3.71,"115,100",29,17
algonquin,2016-01-08,3.75,3.50,3.70,"12,500",3,4
algonquin,2016-01-11,5.35,5.10,5.26,"4,400",3,4
algonquin,2016-01-12,6.50,6.00,6.13,"28,400",7,7
algonquin,2016-01-13,5.00,4.40,4.73,"20,900",7,7
algonquin,2016-01-14,4.00,3.50,3.69,"40,300",13,11
algonquin,2016-01-15,5.50,5.00,5.28,"27,200",7,9
algonquin,2016-01-19,5.50,5.10,5.25,"10,300",3,5
algonquin,2016-01-20,5.25,5.25,5.25,"10,000",1,2
algonquin,2016-01-22,5.25,4.40,5.03,"16,700",7,9
algonquin,2016-01-26,4.50,4.45,4.49,"9,200",3,4
algonquin,2016-01-27,3.45,3.45,3.45,"4,700",3,3
algonquin,2016-01-28,2.80,2.49,2.60,"26,900",7,8
algonquin,2016-01-29,2.60,2.60,2.60,300,1,2
algonquin,2016-02-01,2.30,2.10,2.14,"42,900",7,7
algonquin,2016-02-02,2.00,2.00,2.00,"20,600",6,6
algonquin,2016-02-03,1.94,1.90,1.92,"13,500",3,5
algonquin,2016-02-04,3.00,2.90,2.92,"47,600",13,11
algonquin,2016-02-05,3.35,3.00,3.22,"26,500",9,9
algonquin,2016-02-08,6.00,5.30,5.52,"29,500",8,5
algonquin,2016-02-10,7.07,6.85,7.03,"21,900",7,8
algonquin,2016-02-11,7.00,6.70,6.74,"2,300",2,3
algonquin,2016-02-12,8.00,7.50,7.77,"5,500",2,3
algonquin,2016-02-16,3.20,3.20,3.20,"6,900",2,4
algonquin,2016-02-17,4.40,4.40,4.40,"2,000",1,2
algonquin,2016-02-18,3.15,3.00,3.08,"6,000",2,2
algonquin,2016-02-19,2.15,1.95,2.05,"22,300",12,11
algonquin,2016-02-22,3.00,3.00,3.00,"5,000",1,2
algonquin,2016-02-24,1.80,1.78,1.78,"10,200",3,4
algonquin,2016-02-25,2.90,2.80,2.85,"4,100",2,4
algonquin,2016-02-26,1.85,1.45,1.64,"32,600",10,8
algonquin,2016-02-29,1.95,1.95,1.95,"6,000",3,3
algonquin,2016-03-01,3.40,2.95,3.17,"22,900",6,8
algonquin,2016-03-02,4.50,4.50,4.50,"1,400",1,2
algonquin,2016-03-03,3.60,3.60,3.60,200,1,2
algonquin,2016-03-07,1.50,1.48,1.49,"9,800",3,5
algonquin,2016-03-08,1.10,1.10,1.10,"10,000",2,3
algonquin,2016-03-09,1.10,1.07,1.09,"10,000",2,3
algonquin,2016-03-10,1.10,1.10,1.10,"10,000",2,2
algonquin,2016-03-11,1.20,1.13,1.18,"9,400",4,6
algonquin,2016-03-16,1.40,1.40,1.40,"2,500",1,2
algonquin,2016-03-18,3.25,3.15,3.23,"6,500",3,4
algonquin,2016-03-22,1.35,1.35,1.35,"5,000",2,3
algonquin,2016-03-24,1.30,1.30,1.30,"5,000",1,2
algonquin,2016-03-28,1.55,1.55,1.55,"39,700",9,5
algonquin,2016-03-29,1.87,1.65,1.78,"13,000",4,6
algonquin,2016-03-30,1.30,1.30,1.30,"5,000",1,2
algonquin,2016-03-31,1.30,1.30,1.30,"5,000",1,2
algonquin,2016-04-04,6.50,4.50,5.75,"56,100",14,12
algonquin,2016-04-05,4.75,4.35,4.53,"11,000",3,5
algonquin,2016-04-06,2.45,2.40,2.44,"16,500",4,7
algonquin,2016-04-07,3.75,3.70,1.26,"11,900",5,7
algonquin,2016-04-08,4.20,4.20,4.20,"3,100",2,4
algonquin,2016-04-12,4.80,4.80,4.80,800,1,2
algonquin,2016-04-13,4.00,4.00,4.00,"5,000",1,2
algonquin,2016-04-14,2.90,2.90,2.90,"2,500",1,2
algonquin,2016-04-19,2.50,2.50,2.50,"1,000",1,2
algonquin,2016-04-21,2.18,2.18,2.18,"1,000",1,2
algonquin,2016-05-02,2.55,2.55,2.55,"5,300",2,3
algonquin,2016-05-06,2.35,2.35,2.35,"4,300",1,2
algonquin,2016-05-16,2.20,2.10,2.15,"20,000",3,5
algonquin,2016-05-18,1.80,1.75,1.78,"15,000",3,3
algonquin,2016-06-01,2.00,2.00,2.00,"5,000",1,2
algonquin,2016-06-02,2.06,2.05,2.06,"10,000",2,3
algonquin,2016-06-08,1.95,1.95,1.95,"10,000",1,2
algonquin,2016-06-09,1.70,1.70,1.70,"5,000",1,2
algonquin,2016-06-15,2.20,2.15,2.18,"15,000",3,5
algonquin,2016-06-24,2.60,2.60,2.60,"1,100",1,2
algonquin,2016-06-28,2.95,2.91,2.93,"15,700",4,5
algonquin,2016-07-05,3.32,3.25,3.28,"12,600",4,6
algonquin,2016-07-06,3.65,3.65,3.65,"5,000",1,2
algonquin,2016-07-12,3.15,2.98,3.05,"13,900",4,4
algonquin,2016-07-15,2.90,2.75,2.84,"31,500",7,9
algonquin,2016-07-18,2.80,2.80,2.80,"4,600",1,2
algonquin,2016-07-20,2.78,2.72,2.74,"15,000",3,4
algonquin,2016-07-21,2.88,2.85,2.86,"9,000",2,3
algonquin,2016-07-22,3.30,3.10,3.22,"20,000",4,5
algonquin,2016-07-25,3.22,3.22,3.22,"2,600",1,2
algonquin,2016-07-26,3.10,3.10,3.10,"2,000",1,2
algonquin,2016-07-28,2.50,2.25,2.38,"10,000",2,4
algonquin,2016-08-01,2.80,2.80,2.80,"10,000",2,2
algonquin,2016-08-02,2.87,2.80,2.82,"14,200",3,5
algonquin,2016-08-03,2.87,2.87,2.87,"7,500",2,3
algonquin,2016-08-04,2.90,2.85,2.87,"5,000",2,4
algonquin,2016-08-08,3.00,2.95,2.96,"20,300",5,8
algonquin,2016-08-10,3.90,3.76,3.80,"17,500",4,4
algonquin,2016-08-15,5.50,5.00,5.25,"6,500",4,4
algonquin,2016-08-16,4.00,3.55,3.81,"19,200",5,6
algonquin,2016-08-18,2.95,2.85,2.88,"15,000",4,5
algonquin,2016-08-19,2.85,2.77,2.84,"25,000",10,6
algonquin,2016-08-24,2.88,2.88,2.88,"5,000",2,3
algonquin,2016-08-30,3.20,3.20,3.20,"3,500",2,4
algonquin,2016-08-31,2.90,2.90,2.90,"10,000",2,2
algonquin,2016-09-01,2.65,2.65,2.65,500,1,2
algonquin,2016-09-02,1.60,1.55,1.56,"4,200",3,5
algonquin,2016-09-06,3.05,3.00,3.03,"13,800",5,7
algonquin,2016-09-07,3.50,3.50,3.50,"1,000",1,2
algonquin,2016-09-08,3.35,3.35,3.35,"5,500",3,4
algonquin,2016-09-09,3.05,2.98,3.02,"10,000",2,4
algonquin,2016-09-12,3.25,3.25,3.25,"2,500",2,3
algonquin,2016-09-14,3.00,3.00,3.00,"4,800",2,2
algonquin,2016-09-15,2.35,2.35,2.35,"2,000",1,2
algonquin,2016-09-16,2.40,2.20,2.34,"24,000",8,9
algonquin,2016-09-19,3.40,3.17,3.25,"14,000",2,3
algonquin,2016-09-20,3.45,3.38,3.42,"7,900",2,4
algonquin,2016-09-22,2.85,2.70,2.79,"14,500",4,5
algonquin,2016-09-23,1.88,1.88,1.88,"2,000",1,2
algonquin,2016-10-05,2.20,2.20,2.20,"3,500",1,2
algonquin,2016-10-07,2.79,2.64,2.68,"1,000",1,2
algonquin,2016-10-12,2.80,2.80,2.80,"3,000",1,2
algonquin,2016-10-14,1.35,1.30,1.33,"8,000",2,3
algonquin,2016-10-18,3.10,3.10,3.10,"3,400",1,2
algonquin,2016-10-20,1.85,1.55,1.76,"3,500",2,3
algonquin,2016-10-21,2.95,2.95,2.95,"1,500",1,2
algonquin,2016-10-24,3.75,3.70,3.74,"9,500",3,5
algonquin,2016-10-25,3.05,3.05,3.05,"5,000",1,2
algonquin,2016-10-26,3.30,3.30,3.30,"5,000",1,2
algonquin,2016-10-28,2.50,2.43,2.49,"5,900",2,4
algonquin,2016-10-31,2.80,2.60,2.76,"11,000",4,6
algonquin,2016-11-01,1.95,1.95,1.95,"5,000",1,2
algonquin,2016-11-04,1.80,1.70,1.76,"14,000",4,4
algonquin,2016-11-08,2.42,2.10,2.23,"12,500",3,6
algonquin,2016-11-09,3.05,2.70,2.93,"7,500",2,4
algonquin,2016-11-10,2.25,2.20,2.24,"6,600",2,3
algonquin,2016-11-11,2.20,2.20,2.20,"2,000",1,2
algonquin,2016-11-21,4.20,3.65,4.03,"20,400",4,7
algonquin,2016-11-28,3.00,3.00,3.00,"6,000",1,2
algonquin,2016-11-29,2.70,2.70,2.70,"5,000",1,2
algonquin,2016-11-30,3.00,3.00,3.00,"10,000",1,2
algonquin,2016-12-05,6.05,6.05,6.05,"2,000",1,2
algonquin,2016-12-08,10.50,10.15,10.48,"18,500",4,6
algonquin,2016-12-09,11.20,10.00,10.75,"11,500",5,7
algonquin,2016-12-12,6.00,5.90,5.91,"2,300",2,2
algonquin,2016-12-13,10.75,9.00,9.86,"75,100",16,8
algonquin,2016-12-14,15.00,11.00,12.27,"47,700",11,11
algonquin,2016-12-15,10.50,9.00,10.19,"15,200",4,7
algonquin,2016-12-20,8.25,8.25,8.25,"10,400",4,3
algonquin,2016-12-21,6.95,6.35,6.57,"7,300",3,4
algonquin,2016-12-22,9.00,8.25,8.53,"21,200",5,6
algonquin,2016-12-23,5.40,4.75,5.06,"10,600",3,6
algonquin,2016-12-27,5.90,5.90,5.90,"1,000",1,2
algonquin,2016-12-28,5.50,5.25,5.36,"16,300",7,7
algonquin,2016-12-29,5.85,5.85,5.85,"10,000",2,3
nepool,2016-01-05,58.25,57.25,57.79,"19,200",24,17
nepool,2016-01-06,47.00,43.50,45.11,"31,200",39,28
nepool,2016-01-07,39.00,37.50,38.52,"27,200",34,21
nepool,2016-01-08,46.50,42.00,45.80,"26,400",33,22
nepool,2016-01-11,50.00,48.50,49.58,"35,200",44,23
nepool,2016-01-12,53.25,51.00,52.13,"46,400",56,26
nepool,2016-01-13,43.00,42.50,42.71,"20,000",25,16
nepool,2016-01-15,34.00,33.00,33.64,"30,400",38,20
nepool,2016-01-15,58.50,53.00,54.30,"16,800",20,14
nepool,2016-01-18,62.50,61.00,61.36,"14,400",18,13
nepool,2016-01-19,48.00,47.00,47.38,"20,000",21,15
nepool,2016-01-20,48.75,47.00,48.18,"20,000",25,14
nepool,2016-01-21,44.50,42.00,43.07,"20,000",24,15
nepool,2016-01-22,45.00,42.50,44.10,"20,000",23,14
nepool,2016-01-25,41.50,39.50,40.72,"40,800",51,26
nepool,2016-01-26,36.90,35.80,36.34,"20,000",25,19
nepool,2016-01-27,33.75,33.25,33.56,"3,200",4,6
nepool,2016-01-28,29.75,29.00,29.23,"9,600",12,8
nepool,2016-01-29,28.25,27.50,27.96,"16,000",19,11
nepool,2016-02-01,25.00,23.80,24.20,"33,600",38,20
nepool,2016-02-03,23.00,22.25,22.67,"20,800",24,15
nepool,2016-02-03,23.00,21.95,22.18,"38,400",47,18
nepool,2016-02-04,30.00,28.00,28.69,"27,200",31,19
nepool,2016-02-05,38.50,38.50,38.50,800,1,2
nepool,2016-02-08,47.30,45.75,46.48,"40,800",49,22
nepool,2016-02-09,45.00,40.00,41.53,"34,400",42,24
nepool,2016-02-10,53.00,50.00,51.72,"28,800",34,18
nepool,2016-02-11,58.35,54.25,55.27,"39,200",48,22
nepool,2016-02-12,57.00,54.00,56.30,"16,000",19,14
nepool,2016-02-15,40.50,40.50,40.50,"1,600",2,3
nepool,2016-02-16,37.00,34.50,35.55,"38,400",44,20
nepool,2016-02-17,38.35,37.00,37.94,"31,200",39,23
nepool,2016-02-18,30.05,28.00,29.32,"28,000",35,18
nepool,2016-02-19,28.50,28.00,28.23,"12,800",16,9
nepool,2016-02-22,28.15,27.50,27.88,"26,400",33,21
nepool,2016-02-23,22.50,21.25,21.60,"26,400",33,18
nepool,2016-02-24,21.50,20.00,20.63,"49,600",60,24
nepool,2016-02-25,28.20,27.25,28.02,"25,600",32,17
nepool,2016-02-26,23.00,21.50,22.50,"14,400",18,11
nepool,2016-02-29,22.50,22.00,22.23,"8,000",10,9
nepool,2016-03-01,29.25,27.50,28.54,"23,200",27,18
nepool,2016-03-02,41.00,38.00,39.59,"30,400",37,23
nepool,2016-03-03,34.00,33.00,33.63,"37,600",44,22
nepool,2016-03-04,25.00,25.00,25.00,"8,000",10,9
nepool,2016-03-07,19.50,18.25,18.95,"17,600",22,18
nepool,2016-03-08,18.25,17.00,17.67,"24,000",29,19
nepool,2016-03-09,18.00,17.50,17.65,"18,400",22,14
nepool,2016-03-10,17.25,16.25,16.84,"48,000",52,16
nepool,2016-03-11,21.00,21.00,21.00,"1,600",2,4
nepool,2016-03-14,22.00,21.00,21.86,"16,000",20,16
nepool,2016-03-15,22.65,20.00,21.99,"23,200",28,19
nepool,2016-03-16,20.00,19.70,19.87,"25,600",31,19
nepool,2016-03-17,24.25,23.50,23.99,"23,200",29,15
nepool,2016-03-18,37.00,36.50,36.96,"11,200",12,11
nepool,2016-03-21,26.00,25.00,25.63,"30,400",37,14
nepool,2016-03-22,20.25,19.50,20.03,"16,000",18,13
nepool,2016-03-23,22.25,20.00,21.90,"24,800",31,15
nepool,2016-03-24,19.50,19.25,19.38,"5,600",7,8
nepool,2016-03-28,22.65,21.75,22.41,"19,200",23,12
nepool,2016-03-29,25.05,24.45,24.71,"38,400",45,19
nepool,2016-03-30,20.25,20.00,20.06,"7,200",9,10
nepool,2016-03-31,24.00,23.00,23.46,"22,400",28,16
nepool,2016-04-01,37.50,36.00,36.85,"34,400",42,16
nepool,2016-04-04,51.00,45.00,49.21,"45,600",56,30
nepool,2016-04-05,46.50,44.00,45.20,"24,800",31,20
nepool,2016-04-06,34.50,33.55,33.88,"22,400",28,17
nepool,2016-04-07,35.00,30.00,33.86,"44,000",55,24
nepool,2016-04-08,42.50,39.75,41.21,"20,000",25,17
nepool,2016-04-11,30.50,29.25,29.85,"24,800",30,20
nepool,2016-04-12,42.00,39.00,40.86,"53,600",66,28
nepool,2016-04-13,38.00,32.50,34.18,"66,400",78,28
nepool,2016-04-14,30.50,29.00,29.82,"36,800",46,21
nepool,2016-04-15,27.00,27.00,27.00,800,1,2
nepool,2016-04-18,33.50,31.50,32.36,"33,600",42,19
nepool,2016-04-19,31.00,28.25,29.10,"35,200",42,23
nepool,2016-04-20,28.50,26.75,27.45,"39,200",43,19
nepool,2016-04-21,29.00,27.75,28.38,"37,600",46,17
nepool,2016-04-22,32.75,31.00,31.99,"13,600",17,10
nepool,2016-04-25,33.00,32.00,32.56,"6,400",8,10
nepool,2016-04-26,33.00,31.70,32.20,"20,800",26,14
nepool,2016-04-27,33.75,32.00,33.14,"42,400",48,22
nepool,2016-04-28,32.00,28.50,29.59,"29,600",35,13
nepool,2016-04-29,30.75,30.00,30.39,"5,600",7,5
nepool,2016-05-02,32.50,32.00,32.13,"3,200",4,7
nepool,2016-05-03,31.00,30.00,30.67,"40,800",51,23
nepool,2016-05-04,34.00,31.00,32.80,"30,400",38,16
nepool,2016-05-05,28.25,27.75,27.92,"22,400",27,18
nepool,2016-05-06,26.50,26.50,26.50,"1,600",2,2
nepool,2016-05-09,24.00,22.50,23.05,"26,400",29,18
nepool,2016-05-10,22.50,22.50,22.50,"16,800",20,10
nepool,2016-05-11,21.50,20.90,21.12,"10,400",13,11
nepool,2016-05-12,22.75,22.00,22.52,"11,200",14,10
nepool,2016-05-13,25.50,25.00,25.38,"6,400",8,8
nepool,2016-05-16,25.00,24.00,24.53,"18,400",19,15
nepool,2016-05-17,22.00,21.50,21.67,"14,400",17,13
nepool,2016-05-18,21.50,19.50,20.10,"24,800",30,16
nepool,2016-05-19,19.25,18.75,19.08,"9,600",12,12
nepool,2016-05-20,22.00,20.25,20.78,"21,600",27,16
nepool,2016-05-23,24.00,19.50,20.49,"31,200",39,22
nepool,2016-05-24,30.00,26.00,27.84,"42,400",50,21
nepool,2016-05-25,30.00,28.00,28.71,"42,400",49,19
nepool,2016-05-26,28.50,27.50,27.95,"36,000",45,22
nepool,2016-05-27,31.50,28.00,30.34,"19,200",23,14
nepool,2016-05-31,22.00,21.75,21.82,"16,800",21,20
nepool,2016-06-01,21.75,21.25,21.52,"20,000",25,19
nepool,2016-06-02,23.25,22.50,22.92,"29,600",29,17
nepool,2016-06-03,28.50,27.75,28.28,"12,800",14,13
nepool,2016-06-06,24.50,24.00,24.11,"24,800",31,21
nepool,2016-06-07,21.50,21.00,21.31,"31,200",36,19
nepool,2016-06-08,19.50,19.00,19.12,"16,000",20,14
nepool,2016-06-09,18.75,18.00,18.10,"20,800",26,16
nepool,2016-06-13,25.00,24.00,24.22,"25,600",31,23
nepool,2016-06-14,26.50,25.75,26.17,"23,200",29,17
nepool,2016-06-15,26.00,25.00,25.62,"8,800",10,11
nepool,2016-06-16,25.00,23.55,23.91,"19,200",24,15
nepool,2016-06-17,35.00,33.50,34.14,"8,800",11,12
nepool,2016-06-20,38.00,36.00,36.17,"28,000",35,18
nepool,2016-06-21,33.50,33.00,33.06,"14,400",18,15
nepool,2016-06-22,33.25,33.00,33.06,"3,200",4,5
nepool,2016-06-23,28.05,27.50,27.81,"13,600",17,12
nepool,2016-06-27,36.00,34.00,35.42,"7,200",9,11
nepool,2016-06-28,32.75,32.00,32.44,"9,600",12,12
nepool,2016-06-29,32.75,31.00,32.13,"16,000",20,12
nepool,2016-06-30,30.00,29.00,29.56,"32,800",37,19
nepool,2016-07-01,31.50,30.00,30.69,"9,600",12,11
nepool,2016-07-05,46.00,42.00,44.20,"38,400",48,21
nepool,2016-07-06,55.00,52.00,54.56,"7,200",9,10
nepool,2016-07-07,45.00,41.00,42.16,"81,600",86,29
nepool,2016-07-08,33.00,29.75,30.81,"21,600",27,13
nepool,2016-07-11,35.75,34.25,35.02,"38,400",48,25
nepool,2016-07-12,44.00,41.00,41.98,"32,000",40,21
nepool,2016-07-13,46.00,44.00,45.06,"53,600",64,23
nepool,2016-07-14,47.00,45.50,46.34,"41,600",50,23
nepool,2016-07-18,35.00,33.00,33.90,"32,000",40,21
nepool,2016-07-19,31.25,29.75,30.11,"28,000",34,20
nepool,2016-07-20,35.00,34.50,34.78,"20,000",25,14
nepool,2016-07-21,47.50,45.00,46.74,"22,400",27,22
nepool,2016-07-22,55.00,53.00,53.72,"13,600",17,17
nepool,2016-07-25,57.50,56.00,56.60,"10,400",13,12
nepool,2016-07-26,50.75,49.00,50.01,"37,600",42,24
nepool,2016-07-27,50.50,49.50,50.11,"17,600",21,18
nepool,2016-07-28,34.00,32.75,33.10,"27,200",30,19
nepool,2016-07-29,31.00,30.00,30.62,"10,400",13,11
nepool,2016-08-01,31.25,30.50,30.86,"44,800",55,21
nepool,2016-08-02,33.10,32.50,32.81,"32,000",40,21
nepool,2016-08-03,36.00,34.00,34.89,"36,000",41,19
nepool,2016-08-04,33.75,32.50,32.95,"23,200",28,17
nepool,2016-08-08,38.00,37.00,37.55,"28,800",34,20
nepool,2016-08-09,45.50,44.00,44.67,"10,400",13,14
nepool,2016-08-10,66.00,63.00,64.77,"31,200",36,20
nepool,2016-08-11,76.00,67.75,73.17,"33,600",41,22
nepool,2016-08-12,56.00,50.50,54.18,"13,600",15,9
nepool,2016-08-15,71.00,66.00,68.38,"16,800",21,16
nepool,2016-08-16,60.00,57.00,58.39,"28,000",33,21
nepool,2016-08-17,44.50,42.25,43.57,"28,000",34,20
nepool,2016-08-18,44.00,42.00,42.96,"20,000",25,16
nepool,2016-08-19,35.50,33.25,34.40,"33,600",41,16
nepool,2016-08-22,29.25,28.55,28.91,"32,000",39,17
nepool,2016-08-23,34.75,33.50,34.32,"28,800",35,16
nepool,2016-08-24,39.00,37.75,38.08,"34,400",36,18
nepool,2016-08-25,48.50,46.00,47.93,"33,600",41,19
nepool,2016-08-26,47.50,46.50,46.98,"13,600",17,10
nepool,2016-08-29,37.00,34.85,35.53,"26,400",33,15
nepool,2016-08-30,41.00,39.00,40.38,"49,600",60,22
nepool,2016-08-31,31.75,31.00,31.50,"8,000",10,12
nepool,2016-09-01,28.00,27.00,27.30,"8,800",9,7
nepool,2016-09-02,30.00,27.50,27.98,"8,800",11,11
nepool,2016-09-06,39.25,37.25,37.86,"43,200",50,23
nepool,2016-09-07,50.00,47.50,48.15,"24,000",28,20
nepool,2016-09-08,57.00,53.50,55.32,"32,000",40,20
nepool,2016-09-12,34.50,34.25,34.41,"6,400",8,12
nepool,2016-09-13,38.00,35.50,36.79,"27,200",31,16
nepool,2016-09-14,29.50,29.00,29.17,"7,200",9,9
nepool,2016-09-15,26.00,26.00,26.00,"8,000",10,8
nepool,2016-09-19,55.00,50.00,53.62,"12,000",15,13
nepool,2016-09-20,46.00,42.00,44.03,"18,400",23,11
nepool,2016-09-21,39.25,39.25,39.25,"7,200",9,4
nepool,2016-09-22,35.00,34.00,34.20,"11,200",13,9
nepool,2016-09-26,28.25,27.25,27.57,"24,000",28,18
nepool,2016-09-28,30.50,30.00,30.39,"12,800",16,16
nepool,2016-09-29,31.50,29.50,30.53,"14,400",18,15
nepool,2016-09-30,27.00,25.50,26.34,"8,800",11,10
nepool,2016-10-03,24.00,23.00,23.62,"18,400",23,17
nepool,2016-10-04,24.75,24.00,24.18,"17,600",19,12
nepool,2016-10-05,27.00,24.00,26.05,"32,800",41,22
nepool,2016-10-06,26.00,24.50,24.93,"41,600",48,21
nepool,2016-10-07,26.00,24.50,25.70,"8,000",10,5
nepool,2016-10-10,21.25,20.50,20.93,"18,400",17,10
nepool,2016-10-11,25.00,22.00,24.27,"10,400",13,11
nepool,2016-10-12,30.25,29.00,29.56,"19,200",24,13
nepool,2016-10-13,27.00,24.75,26.03,"69,600",59,26
nepool,2016-10-14,24.00,23.45,23.59,"42,400",49,20
nepool,2016-10-17,33.50,32.00,32.58,"44,000",48,23
nepool,2016-10-18,40.00,39.50,39.57,"18,400",23,12
nepool,2016-10-19,31.00,27.00,29.32,"39,200",48,23
nepool,2016-10-20,24.25,23.00,23.57,"39,200",44,14
nepool,2016-10-21,35.50,33.00,34.87,"9,600",12,12
nepool,2016-10-24,40.00,36.25,37.97,"54,400",67,28
nepool,2016-10-25,35.75,33.15,34.57,"27,200",34,20
nepool,2016-10-26,36.00,30.50,34.09,"42,400",53,24
nepool,2016-10-27,30.00,27.50,28.82,"36,000",43,17
nepool,2016-10-31,27.50,25.00,26.80,"16,800",21,16
nepool,2016-11-01,25.00,21.75,23.22,"27,200",34,15
nepool,2016-11-02,24.25,21.50,23.18,"32,000",40,14
nepool,2016-11-03,24.00,23.00,23.40,"30,400",34,18
nepool,2016-11-04,24.00,23.50,23.92,"12,000",15,12
nepool,2016-11-07,25.50,24.25,24.99,"26,400",31,15
nepool,2016-11-08,28.00,27.00,27.90,"18,400",21,10
nepool,2016-11-09,32.50,28.00,29.06,"45,600",57,21
nepool,2016-11-10,24.00,23.50,23.80,"8,800",10,12
nepool,2016-11-11,26.00,26.00,26.00,"1,600",2,4
nepool,2016-11-14,28.00,27.50,27.56,"20,000",24,13
nepool,2016-11-15,26.50,25.75,26.13,"21,600",23,13
nepool,2016-11-16,25.75,24.25,24.78,"21,600",25,15
nepool,2016-11-17,23.50,23.25,23.31,"7,200",8,5
nepool,2016-11-18,35.50,34.50,34.96,"5,600",7,9
nepool,2016-11-21,35.25,33.75,34.49,"29,600",37,16
nepool,2016-11-22,37.75,36.00,36.83,"36,000",37,15
nepool,2016-11-23,27.00,25.50,26.20,"18,400",23,8
nepool,2016-11-25,35.00,35.00,35.00,800,1,2
nepool,2016-11-28,31.50,30.75,31.16,"6,400",7,6
nepool,2016-11-29,30.40,29.25,29.77,"17,600",19,12
nepool,2016-11-30,32.00,30.25,31.14,"24,000",30,17
nepool,2016-12-01,34.00,33.50,33.93,"44,000",51,23
nepool,2016-12-02,44.00,43.75,43.91,"6,400",8,6
nepool,2016-12-05,56.00,54.00,55.20,"18,400",23,18
nepool,2016-12-06,45.25,45.00,45.05,"28,000",32,21
nepool,2016-12-07,55.50,54.25,54.63,"16,000",19,17
nepool,2016-12-08,80.00,68.00,73.56,"32,000",40,22
nepool,2016-12-09,78.00,78.00,78.00,"1,600",2,3
nepool,2016-12-12,53.25,50.00,51.02,"29,600",37,20
nepool,2016-12-13,77.00,72.50,74.86,"52,800",62,26
nepool,2016-12-14,90.00,85.00,87.43,"76,800",92,25
nepool,2016-12-15,110.00,98.00,101.85,"41,600",50,24
nepool,2016-12-16,70.00,70.00,70.00,"4,000",5,6
nepool,2016-12-19,84.00,83.50,83.91,"16,000",20,11
nepool,2016-12-20,52.00,50.00,50.83,"7,200",9,6
nepool,2016-12-21,55.00,53.00,53.73,"16,800",21,16
nepool,2016-12-22,64.50,63.50,64.03,"14,400",18,13
nepool,2016-12-23,49.50,49.50,49.50,800,1,2
nepool,2016-12-28,50.00,50.00,50.00,800,1,2
nepool,2016-12-29,50.85,49.75,50.48,"2,400",3,5
nepool,2016-12-30,48.00,48.00,48.00,"2,400",3,4
nepool,2015-01-05,80.00,77.00,77.79,"11,200",14,13
nepool,2015-01-06,111.00,99.75,108.52,"20,800",26,22
nepool,2015-01-07,120.00,114.00,116.63,"25,600",32,19
nepool,2015-01-08,76.00,68.00,71.33,"18,400",22,17
nepool,2015-01-12,97.00,92.00,94.88,"6,400",8,8
nepool,2015-01-13,100.00,92.00,95.47,"16,800",19,13
nepool,2015-01-14,87.50,86.00,86.88,"22,400",25,21
nepool,2015-01-15,113.00,104.00,107.57,"29,600",37,22
nepool,2015-01-19,65.00,62.00,63.38,"8,000",10,10
nepool,2015-01-20,72.00,70.00,71.50,"13,600",17,13
nepool,2015-01-21,65.00,61.00,63.29,"36,800",44,22
nepool,2015-01-22,55.00,53.00,53.98,"20,800",22,15
nepool,2015-01-23,100.00,95.00,96.42,"14,400",18,12
nepool,2015-01-26,100.00,94.00,95.69,"42,400",52,21
nepool,2015-01-27,90.00,83.00,86.42,"29,600",37,24
nepool,2015-01-28,76.50,73.50,74.95,"29,600",37,19
nepool,2015-01-29,87.00,78.00,84.21,"14,400",15,13
nepool,2015-01-30,122.00,110.00,115.11,"14,400",17,12
nepool,2015-02-02,100.00,94.25,96.23,"23,200",29,17
nepool,2015-02-03,73.00,69.75,71.33,"40,800",51,20
nepool,2015-02-04,105.00,95.00,99.14,"35,200",42,22
nepool,2015-02-05,97.00,92.50,95.16,"25,600",31,22
nepool,2015-02-06,79.00,76.50,77.89,"8,000",10,10
nepool,2015-02-09,99.00,93.00,96.01,"28,800",35,18
nepool,2015-02-10,130.00,126.50,128.17,"16,800",20,16
nepool,2015-02-11,150.00,132.00,141.45,"17,600",22,20
nepool,2015-02-12,150.00,136.00,141.88,"43,200",53,28
nepool,2015-02-13,185.00,168.00,176.88,"16,800",20,19
nepool,2015-02-16,154.60,150.25,152.43,"1,600",2,3
nepool,2015-02-17,180.00,158.00,165.51,"46,400",53,24
nepool,2015-02-18,173.00,162.00,167.44,"30,400",38,24
nepool,2015-02-19,176.00,155.00,163.00,"29,600",37,24
nepool,2015-02-20,136.25,125.00,130.31,"13,600",17,18
nepool,2015-02-23,193.00,180.00,187.94,"26,400",33,20
nepool,2015-02-24,205.00,193.00,199.73,"22,400",28,21
nepool,2015-02-25,200.00,175.00,182.81,"36,800",46,27
nepool,2015-02-26,164.95,155.00,158.44,"19,200",24,18
nepool,2015-02-27,129.00,121.00,124.78,"7,200",9,6
nepool,2015-03-02,110.00,104.00,106.82,"13,600",16,15
nepool,2015-03-03,68.50,63.50,67.06,"19,200",23,20
nepool,2015-03-04,116.00,110.00,112.14,"24,800",31,18
nepool,2015-03-05,127.00,118.00,122.98,"37,600",47,28
nepool,2015-03-06,67.25,65.00,65.48,"10,400",13,12
nepool,2015-03-09,44.00,42.50,43.29,"10,400",13,14
nepool,2015-03-10,36.50,35.75,36.20,"20,000",25,17
nepool,2015-03-11,46.00,43.50,44.99,"20,000",25,19
nepool,2015-03-12,44.75,43.00,43.92,"28,000",33,21
nepool,2015-03-13,47.50,44.00,45.44,"14,400",17,12
nepool,2015-03-16,54.75,52.95,53.46,"23,200",28,13
nepool,2015-03-17,92.00,85.00,89.27,"24,800",31,19
nepool,2015-03-18,97.00,94.00,94.60,"10,400",13,10
nepool,2015-03-19,69.00,66.00,67.18,"15,200",19,14
nepool,2015-03-23,70.00,65.00,68.20,"4,000",5,6
nepool,2015-03-24,43.00,40.50,41.84,"26,400",33,19
nepool,2015-03-25,37.50,36.75,37.15,"12,000",14,15
nepool,2015-03-26,42.75,41.00,42.24,"9,600",12,13
nepool,2015-03-30,72.00,58.00,66.13,"18,400",23,14
nepool,2015-03-31,44.00,42.00,43.00,"4,800",6,6
nepool,2015-04-01,36.00,35.00,35.58,"10,400",13,10
nepool,2015-04-02,30.50,29.50,30.02,"16,800",21,18
nepool,2015-04-06,40.00,37.00,38.75,"12,000",14,13
nepool,2015-04-07,59.00,53.25,55.76,"24,800",31,20
nepool,2015-04-08,38.50,35.00,37.41,"17,600",21,15
nepool,2015-04-09,45.00,36.00,38.17,"39,200",43,20
nepool,2015-04-13,30.00,30.00,30.00,"8,000",10,7
nepool,2015-04-14,29.25,29.00,29.15,"10,400",10,9
nepool,2015-04-15,26.00,25.50,25.83,"12,000",15,11
nepool,2015-04-16,28.25,27.75,28.00,"5,600",7,12
nepool,2015-04-17,29.00,27.00,28.00,"4,800",6,8
nepool,2015-04-20,38.00,34.00,35.52,"24,800",31,15
nepool,2015-04-21,36.75,34.75,36.05,"19,200",23,15
nepool,2015-04-22,35.50,35.00,35.38,"9,600",11,12
nepool,2015-04-23,36.00,34.00,35.03,"21,600",27,18
nepool,2015-04-27,28.50,28.25,28.31,"16,800",17,12
nepool,2015-04-28,31.00,30.50,30.70,"8,800",11,11
nepool,2015-04-28,31.00,30.50,30.70,"8,800",11,11
nepool,2015-04-29,26.00,26.00,26.00,"4,000",5,8
nepool,2015-04-30,23.65,23.25,23.45,"15,200",18,13
nepool,2015-05-01,27.00,26.60,26.76,"6,400",8,7
nepool,2015-05-04,28.25,27.75,28.00,"6,400",8,10
nepool,2015-05-05,26.75,26.40,26.51,"11,200",14,11
nepool,2015-05-06,29.50,28.00,28.46,"16,800",21,15
nepool,2015-05-07,29.45,27.50,28.44,"19,200",24,19
nepool,2015-05-08,41.00,39.00,40.06,"7,200",9,10
nepool,2015-05-11,47.00,43.75,45.09,"25,600",30,19
nepool,2015-05-12,27.25,27.00,27.13,"3,200",4,5
nepool,2015-05-13,26.45,25.75,26.05,"3,200",4,7
nepool,2015-05-14,26.00,25.00,25.41,"11,200",14,12
nepool,2015-05-15,30.50,27.00,28.98,"10,400",13,9
nepool,2015-05-18,27.50,27.25,27.40,"6,400",7,7
nepool,2015-05-19,26.00,25.50,25.70,"4,000",5,8
nepool,2015-05-20,29.25,26.40,27.34,"9,600",11,13
nepool,2015-05-21,28.50,27.00,27.48,"8,800",11,11
nepool,2015-05-22,45.00,44.00,44.74,"13,600",17,13
nepool,2015-05-26,42.00,40.00,40.79,"16,000",19,18
nepool,2015-05-27,46.00,42.50,43.20,"24,800",29,21
nepool,2015-05-28,31.50,27.00,28.85,"18,400",23,14
nepool,2015-05-29,26.50,26.25,26.31,"3,200",4,6
nepool,2015-06-01,24.50,23.60,23.91,"21,600",26,14
nepool,2015-06-02,22.25,20.50,21.06,"14,400",18,15
nepool,2015-06-03,19.50,19.00,19.19,"16,000",20,15
nepool,2015-06-04,20.00,19.50,19.85,"18,400",22,12
nepool,2015-06-05,22.50,22.50,22.50,"1,600",2,2
nepool,2015-06-08,26.75,26.00,26.42,"10,400",13,14
nepool,2015-06-09,34.50,33.00,33.84,"24,000",29,20
nepool,2015-06-10,45.05,41.50,42.45,"27,200",34,21
nepool,2015-06-11,34.00,33.00,33.69,"32,000",39,22
nepool,2015-06-15,30.75,30.00,30.09,"13,600",17,12
nepool,2015-06-16,27.25,27.00,27.14,"13,600",16,13
nepool,2015-06-17,25.50,24.00,24.87,"20,800",23,18
nepool,2015-06-18,25.00,24.00,24.50,"17,600",22,17
nepool,2015-06-19,31.00,30.00,30.70,"8,000",7,9
nepool,2015-06-22,40.50,40.00,40.26,"21,600",27,23
nepool,2015-06-23,28.50,28.00,28.31,"13,600",17,16
nepool,2015-06-24,25.75,24.50,25.14,"11,200",14,13
nepool,2015-06-25,23.25,23.25,23.25,"8,000",9,6
nepool,2015-06-29,24.50,24.00,24.22,"14,400",18,14
nepool,2015-06-30,25.25,24.95,25.01,"12,000",15,11
nepool,2015-07-01,22.75,22.00,22.38,"3,200",4,5
nepool,2015-07-02,16.00,16.00,16.00,800,1,2
nepool,2015-07-06,32.50,31.00,31.80,"8,000",10,11
nepool,2015-07-07,33.50,31.50,32.23,"27,200",34,24
nepool,2015-07-08,24.00,23.25,23.75,"19,200",23,18
nepool,2015-07-09,28.75,28.00,28.10,"13,600",17,14
nepool,2015-07-10,35.00,34.00,34.75,"4,000",5,8
nepool,2015-07-13,30.05,29.30,29.79,"18,400",21,18
nepool,2015-07-14,32.00,31.00,31.63,"11,200",14,9
nepool,2015-07-15,30.00,26.50,27.75,"23,200",28,20
nepool,2015-07-16,27.50,27.00,27.13,"6,400",8,9
nepool,2015-07-17,42.80,42.75,42.78,"1,600",2,3
nepool,2015-07-20,49.50,48.00,48.31,"13,600",17,15
nepool,2015-07-21,34.00,33.50,33.86,"18,400",21,20
nepool,2015-07-22,26.00,25.00,25.40,"31,200",35,20
nepool,2015-07-23,25.00,23.75,24.22,"14,400",16,10
nepool,2015-07-24,36.00,36.00,36.00,800,1,2
nepool,2015-07-27,56.00,52.75,54.39,"17,600",22,19
nepool,2015-07-28,63.00,60.00,61.32,"37,600",45,24
nepool,2015-07-29,61.00,57.00,58.88,"25,600",32,20
nepool,2015-07-30,40.25,38.50,39.46,"28,000",32,19
nepool,2015-07-31,41.00,39.50,40.00,"4,800",6,8
nepool,2015-08-04,29.00,27.50,28.26,"15,200",17,15
nepool,2015-08-05,25.25,25.00,25.02,"15,200",19,15
nepool,2015-08-06,24.00,23.75,23.81,"14,400",17,12
nepool,2015-08-07,30.00,29.00,29.83,"9,600",12,9
nepool,2015-08-10,27.50,27.00,27.11,"6,400",8,9
nepool,2015-08-11,32.00,30.50,31.07,"9,600",11,13
nepool,2015-08-12,32.00,30.00,31.19,"18,400",23,19
nepool,2015-08-13,32.50,31.50,32.05,"12,000",15,15
nepool,2015-08-14,61.50,60.00,60.50,"5,600",7,9
nepool,2015-08-17,55.25,50.75,52.09,"42,400",51,22
nepool,2015-08-18,40.75,40.00,40.43,"27,200",32,19
nepool,2015-08-19,41.00,38.50,40.07,"38,400",45,25
nepool,2015-08-20,37.50,36.00,36.70,"28,800",36,17
nepool,2015-08-21,41.00,38.00,39.83,"4,800",6,6
nepool,2015-08-24,43.50,42.50,42.99,"16,800",21,14
nepool,2015-08-25,42.00,40.00,41.06,"28,800",33,17
nepool,2015-08-26,37.00,36.00,36.65,"49,600",42,19
nepool,2015-08-27,34.00,32.50,33.53,"25,600",28,18
nepool,2015-08-28,52.50,49.50,51.19,"9,600",12,13
nepool,2015-08-31,52.00,50.50,51.13,"20,000",25,17
nepool,2015-09-01,57.50,55.00,56.34,"16,000",20,18
nepool,2015-09-02,52.00,50.00,50.51,"24,000",30,20
nepool,2015-09-03,33.00,31.75,32.42,"36,000",44,20
nepool,2015-09-08,57.75,56.00,56.96,"20,800",26,15
nepool,2015-09-09,50.00,46.50,48.13,"17,600",20,13
nepool,2015-09-10,36.25,35.50,36.00,"14,400",16,13
nepool,2015-09-11,38.00,37.00,37.52,"12,800",16,12
nepool,2015-09-14,35.00,34.00,34.43,"5,600",7,12
nepool,2015-09-15,34.50,32.75,33.25,"6,400",8,8
nepool,2015-09-16,40.25,40.00,40.05,"8,000",10,12
nepool,2015-09-17,54.00,49.25,51.17,"21,600",26,17
nepool,2015-09-18,43.25,41.50,42.06,"7,200",9,10
nepool,2015-09-21,31.50,30.75,31.04,"24,800",31,22
nepool,2015-09-22,31.75,29.25,29.93,"28,800",32,18
nepool,2015-09-23,29.75,28.50,28.98,"26,400",33,19
nepool,2015-09-24,26.25,26.25,26.25,800,1,2
nepool,2015-09-25,28.50,27.50,27.68,"11,200",14,9
nepool,2015-09-28,34.00,32.00,33.15,"16,000",20,17
nepool,2015-09-29,33.95,33.00,33.49,"4,000",5,8
nepool,2015-09-30,29.00,27.00,28.12,"37,600",44,19
nepool,2015-10-01,30.00,25.65,27.56,"40,000",45,16
nepool,2015-10-05,35.90,33.50,34.45,"24,800",31,30
nepool,2015-10-06,36.50,35.00,35.77,"16,000",20,18
nepool,2015-10-07,37.00,36.75,36.96,"4,800",6,7
nepool,2015-10-08,36.00,34.00,34.71,"9,600",12,9
nepool,2015-10-09,42.00,42.00,42.00,"4,800",6,8
nepool,2015-10-12,39.00,38.00,38.63,"19,200",23,15
nepool,2015-10-13,38.00,37.75,37.96,"4,800",6,7
nepool,2015-10-14,37.50,37.00,37.06,"6,400",8,8
nepool,2015-10-15,40.25,39.25,39.68,"12,000",15,15
nepool,2015-10-19,55.00,53.00,54.21,"20,000",25,15
nepool,2015-10-20,44.50,44.00,44.12,"12,000",14,7
nepool,2015-10-21,40.00,40.00,40.00,"8,000",10,10
nepool,2015-10-22,56.00,50.00,52.79,"40,000",47,23
nepool,2015-10-23,65.00,60.00,63.33,"12,000",15,14
nepool,2015-10-26,63.00,61.50,62.75,"10,400",13,11
nepool,2015-10-27,55.00,53.00,54.25,"10,400",13,11
nepool,2015-10-28,53.50,49.50,51.36,"16,000",20,19
nepool,2015-10-29,50.00,47.75,48.61,"27,200",34,24
nepool,2015-11-02,52.00,48.50,50.37,"25,600",32,19
nepool,2015-11-03,45.00,44.75,44.94,"3,200",4,7
nepool,2015-11-04,42.00,41.50,41.89,"7,200",9,11
nepool,2015-11-05,35.75,35.00,35.36,"11,200",13,13
nepool,2015-11-06,47.00,46.00,46.55,"8,800",11,8
nepool,2015-11-09,45.00,36.00,38.56,"19,200",24,17
nepool,2015-11-10,31.00,30.00,30.33,"31,200",38,18
nepool,2015-11-11,35.00,34.00,34.39,"20,000",24,17
nepool,2015-11-12,32.00,30.00,30.93,"23,200",29,18
nepool,2015-11-16,30.00,29.00,29.31,"12,800",15,10
nepool,2015-11-17,28.50,27.75,28.25,"5,600",7,8
nepool,2015-11-18,28.00,25.50,26.72,"33,600",42,23
nepool,2015-11-19,27.00,25.75,26.20,"33,600",41,18
nepool,2015-11-20,45.00,42.00,44.23,"18,400",23,13
nepool,2015-11-23,38.75,38.00,38.25,"16,000",20,13
nepool,2015-11-24,30.50,27.50,28.90,"54,400",66,22
nepool,2015-11-25,25.00,24.00,24.60,"8,000",9,6
nepool,2015-11-27,39.00,39.00,39.00,"1,600",2,2
nepool,2015-11-30,29.50,29.00,29.03,"12,000",15,10
nepool,2015-12-01,30.00,28.00,29.14,"32,800",41,24
nepool,2015-12-02,32.00,30.00,30.97,"26,400",33,19
nepool,2015-12-03,28.75,27.00,28.04,"11,200",14,9
nepool,2015-12-04,28.00,27.00,27.50,"7,200",9,6
nepool,2015-12-07,31.00,29.00,30.54,"25,600",31,18
nepool,2015-12-08,28.25,27.00,28.07,"20,800",26,19
nepool,2015-12-09,25.00,23.75,24.42,"26,400",32,20
nepool,2015-12-10,21.00,19.50,20.35,"40,000",48,22
nepool,2015-12-11,21.50,20.00,20.40,"9,600",12,8
nepool,2015-12-14,21.00,20.70,20.76,"7,200",9,9
nepool,2015-12-15,23.50,22.90,23.29,"24,000",30,20
nepool,2015-12-16,24.75,23.50,24.25,"20,800",26,15
nepool,2015-12-18,31.00,30.00,30.61,"12,800",15,12
nepool,2015-12-21,24.50,23.00,23.93,"8,000",10,12
nepool,2015-12-22,21.80,20.50,21.10,"24,800",30,17
nepool,2015-12-23,18.00,17.25,17.57,"22,400",25,16
nepool,2015-12-24,33.75,33.00,33.37,"10,400",13,12
nepool,2015-12-28,42.00,38.00,40.80,"4,000",5,9
nepool,2015-12-29,39.50,37.00,38.64,"23,200",29,19
nepool,2015-12-30,43.50,40.50,42.56,"35,200",41,18
nepool,2015-12-31,74.00,66.00,67.82,"13,600",17,12
algonquin,2015-01-02,8.00,7.00,7.63,"56,300",18,8
algonquin,2015-01-05,10.75,9.00,9.92,"72,100",20,12
algonquin,2015-01-06,15.00,11.50,12.94,"99,900",24,17
algonquin,2015-01-07,15.00,11.50,12.65,"64,900",15,12
algonquin,2015-01-08,8.25,7.00,7.77,"52,500",13,10
algonquin,2015-01-09,12.00,7.00,9.81,"144,500",32,18
algonquin,2015-01-12,12.50,11.50,12.12,"75,600",18,11
algonquin,2015-01-13,12.25,10.75,11.49,"78,100",24,15
algonquin,2015-01-14,11.45,10.00,10.78,"110,400",30,17
algonquin,2015-01-15,14.85,12.50,13.62,"151,700",30,13
algonquin,2015-01-16,8.15,7.20,7.68,"15,200",6,10
algonquin,2015-01-20,9.00,8.25,8.84,"117,200",29,14
algonquin,2015-01-21,8.00,7.50,7.75,"79,200",18,9
algonquin,2015-01-22,6.75,6.55,6.58,"23,400",7,9
algonquin,2015-01-23,10.25,8.00,9.48,"99,100",25,13
algonquin,2015-01-26,11.00,10.25,10.75,"81,100",22,13
algonquin,2015-01-27,9.75,9.00,9.12,"80,500",20,14
algonquin,2015-01-28,10.00,8.70,8.96,"104,000",27,13
algonquin,2015-01-29,12.50,10.55,11.51,"183,100",49,16
algonquin,2015-01-30,15.00,11.75,12.60,"126,400",36,17
algonquin,2015-02-02,11.45,10.65,10.96,"85,300",21,10
algonquin,2015-02-03,10.00,7.80,8.22,"96,400",32,16
algonquin,2015-02-04,13.00,12.00,12.30,"151,900",41,16
algonquin,2015-02-05,11.80,10.50,11.36,"102,500",30,18
algonquin,2015-02-06,9.00,8.25,8.65,"95,000",26,12
algonquin,2015-02-09,14.40,10.50,12.62,"110,200",41,16
algonquin,2015-02-10,17.00,15.00,16.46,"83,000",36,17
algonquin,2015-02-11,21.50,17.50,19.28,"114,600",43,17
algonquin,2015-02-12,22.00,17.00,18.16,"140,100",36,22
algonquin,2015-02-13,26.00,22.00,23.50,"76,700",31,15
algonquin,2015-02-17,30.00,17.00,21.36,"49,300",14,11
algonquin,2015-02-18,23.00,19.00,21.33,"53,600",18,12
algonquin,2015-02-19,18.50,16.00,17.05,"41,300",16,12
algonquin,2015-02-20,15.00,12.65,13.23,"79,900",25,13
algonquin,2015-02-23,33.00,26.00,28.05,"30,100",8,7
algonquin,2015-02-24,31.00,27.00,30.02,"73,200",22,12
algonquin,2015-02-25,30.00,24.00,25.53,"50,000",14,11
algonquin,2015-02-26,25.00,21.25,22.97,"21,200",12,10
algonquin,2015-02-27,16.50,15.25,15.89,"76,200",27,17
algonquin,2015-03-02,13.95,11.00,12.91,"41,300",15,10
algonquin,2015-03-03,7.30,7.00,7.18,"22,000",11,9
algonquin,2015-03-04,15.00,13.25,13.93,"70,800",20,12
algonquin,2015-03-05,15.00,13.25,14.28,"57,600",16,12
algonquin,2015-03-06,8.00,6.00,6.94,"14,900",4,6
algonquin,2015-03-09,4.50,3.80,4.04,"49,200",13,12
algonquin,2015-03-10,3.25,2.95,3.10,"26,500",8,11
algonquin,2015-03-11,5.50,4.25,4.93,"36,000",14,10
algonquin,2015-03-12,4.25,3.25,3.65,"14,000",7,7
algonquin,2015-03-13,4.20,3.20,3.52,"48,400",15,14
algonquin,2015-03-16,6.00,5.25,5.60,"29,200",9,11
algonquin,2015-03-17,12.50,11.75,12.16,"33,100",7,9
algonquin,2015-03-18,12.15,11.75,11.95,"22,100",9,8
algonquin,2015-03-19,8.50,7.00,7.56,"29,500",8,7
algonquin,2015-03-20,11.50,9.45,9.51,"7,500",4,5
algonquin,2015-03-23,8.00,7.74,7.90,"8,500",4,4
algonquin,2015-03-24,4.75,3.50,3.82,"64,500",16,12
algonquin,2015-03-25,3.25,3.15,3.19,"83,100",17,11
algonquin,2015-03-26,7.00,4.00,5.71,"26,900",8,9
algonquin,2015-03-27,9.50,8.75,9.07,"21,400",10,11
algonquin,2015-03-30,11.00,6.70,9.15,"85,100",24,12
algonquin,2015-03-31,4.75,4.15,4.47,"67,200",18,14
algonquin,2015-04-01,3.40,2.75,2.99,"88,400",31,20
algonquin,2015-04-02,3.45,2.65,3.15,"76,000",29,16
algonquin,2015-04-06,4.50,4.25,4.38,"5,200",3,3
algonquin,2015-04-07,7.75,6.00,6.57,"50,300",16,15
algonquin,2015-04-08,3.80,3.25,3.71,"28,100",8,8
algonquin,2015-04-09,5.00,3.40,3.81,"114,500",35,18
algonquin,2015-04-10,3.00,2.35,2.68,"76,200",20,13
algonquin,2015-04-13,3.50,3.30,3.39,"27,800",10,9
algonquin,2015-04-14,3.50,3.38,3.46,"58,300",17,12
algonquin,2015-04-15,2.85,2.52,2.60,"84,900",24,17
algonquin,2015-04-16,2.75,2.65,2.67,"20,700",5,6
algonquin,2015-04-17,1.85,1.75,1.81,"53,300",18,13
algonquin,2015-04-20,3.50,3.00,3.28,"115,100",30,16
algonquin,2015-04-21,3.50,3.25,3.39,"97,800",27,13
algonquin,2015-04-22,4.00,3.45,3.56,"131,800",27,15
algonquin,2015-04-23,3.90,3.60,3.80,"48,600",15,11
algonquin,2015-04-24,3.15,2.90,2.96,"88,700",19,11
algonquin,2015-04-27,3.00,2.68,2.81,"59,100",15,15
algonquin,2015-04-28,3.35,3.00,3.14,"43,100",9,9
algonquin,2015-04-29,2.52,2.50,2.51,"46,800",14,12
algonquin,2015-04-30,2.25,1.82,1.94,"59,500",22,13
algonquin,2015-05-01,1.85,1.47,1.64,"44,100",14,14
algonquin,2015-05-04,2.03,1.88,1.97,"18,300",6,7
algonquin,2015-05-05,2.10,2.05,2.08,"39,600",10,14
algonquin,2015-05-06,2.20,1.95,2.06,"53,900",15,13
algonquin,2015-05-07,2.00,1.70,1.93,"40,800",10,7
algonquin,2015-05-08,1.90,1.80,1.85,"46,800",15,13
algonquin,2015-05-11,2.75,2.61,2.67,"20,000",5,8
algonquin,2015-05-12,2.20,2.10,2.15,"37,300",10,11
algonquin,2015-05-13,1.95,1.84,1.89,"12,300",3,5
algonquin,2015-05-14,1.75,1.46,1.68,"24,800",9,9
algonquin,2015-05-15,1.65,1.46,1.60,"46,400",15,14
algonquin,2015-05-18,2.10,1.95,2.05,"28,300",7,8
algonquin,2015-05-19,1.90,1.82,1.85,"17,600",7,7
algonquin,2015-05-20,1.83,1.75,1.78,"32,300",7,6
algonquin,2015-05-21,2.50,1.70,2.11,"120,600",32,18
algonquin,2015-05-22,1.70,1.55,1.62,"154,100",37,19
algonquin,2015-05-26,2.50,2.13,2.29,"127,200",32,18
algonquin,2015-05-27,2.55,2.43,2.46,"21,800",5,5
algonquin,2015-05-28,1.65,1.38,1.60,"101,800",37,21
algonquin,2015-05-29,1.80,1.50,1.61,"70,600",19,15
algonquin,2015-06-01,1.80,1.55,1.66,"63,700",15,9
algonquin,2015-06-02,1.52,1.30,1.38,"28,600",6,8
algonquin,2015-06-03,1.40,1.20,1.28,"86,800",19,11
algonquin,2015-06-04,1.35,1.25,1.30,"76,900",19,15
algonquin,2015-06-05,1.25,1.12,1.17,"35,100",10,11
algonquin,2015-06-08,1.64,1.55,1.55,"64,600",19,11
algonquin,2015-06-09,2.80,2.25,2.53,"77,100",22,16
algonquin,2015-06-10,3.25,2.90,3.12,"171,100",36,17
algonquin,2015-06-11,2.60,1.75,2.24,"135,900",25,14
algonquin,2015-06-12,1.70,1.47,1.55,"157,400",32,18
algonquin,2015-06-15,2.05,2.00,2.01,"16,100",5,8
algonquin,2015-06-16,2.25,2.00,2.08,"68,000",15,9
algonquin,2015-06-17,2.10,1.95,2.04,"47,500",16,14
algonquin,2015-06-18,1.75,1.62,1.69,"58,000",12,12
algonquin,2015-06-19,1.60,1.45,1.54,"26,200",6,7
algonquin,2015-06-22,2.65,2.45,2.56,"56,000",19,14
algonquin,2015-06-23,2.15,1.80,2.01,"34,500",11,12
algonquin,2015-06-24,1.54,1.50,1.51,"53,400",14,12
algonquin,2015-06-25,1.52,1.45,1.46,"83,000",19,15
algonquin,2015-06-26,1.37,1.30,1.35,"27,200",9,8
algonquin,2015-06-29,1.57,1.45,1.51,"95,500",25,15
algonquin,2015-06-30,1.60,1.35,1.47,"40,200",12,11
algonquin,2015-07-01,1.25,1.17,1.20,"30,800",10,8
algonquin,2015-07-02,0.90,0.60,0.78,"45,800",15,14
algonquin,2015-07-06,1.90,1.75,1.88,"70,600",17,12
algonquin,2015-07-07,1.82,1.35,1.46,"99,500",29,15
algonquin,2015-07-08,1.41,1.29,1.35,"45,200",13,10
algonquin,2015-07-09,1.82,1.55,1.72,"37,300",11,11
algonquin,2015-07-10,2.20,1.80,2.07,"84,900",27,15
algonquin,2015-07-13,2.00,1.80,1.90,"50,700",11,9
algonquin,2015-07-14,2.15,1.70,1.82,"79,800",22,15
algonquin,2015-07-15,2.40,1.75,1.98,"157,400",38,17
algonquin,2015-07-16,2.30,1.80,2.12,"197,600",48,20
algonquin,2015-07-17,2.65,2.00,2.41,"221,700",58,27
algonquin,2015-07-20,4.15,3.40,3.89,"172,300",41,20
algonquin,2015-07-21,2.75,2.30,2.44,"108,800",22,12
algonquin,2015-07-22,1.75,1.60,1.73,"114,400",26,14
algonquin,2015-07-23,1.35,1.30,1.33,"83,000",13,12
algonquin,2015-07-24,1.42,1.35,1.39,"32,200",11,8
algonquin,2015-07-27,4.50,3.50,4.08,"165,900",35,19
algonquin,2015-07-28,4.50,3.50,4.08,"165,900",35,19
algonquin,2015-07-29,3.45,3.15,3.36,"148,000",31,13
algonquin,2015-07-30,2.50,2.11,2.20,"140,800",32,17
algonquin,2015-07-31,2.03,1.75,1.96,"103,700",28,18
algonquin,2015-08-03,2.32,2.05,2.26,"104,900",21,14
algonquin,2015-08-04,1.80,1.70,1.72,"86,500",20,10
algonquin,2015-08-05,1.50,1.35,1.42,"164,200",41,16
algonquin,2015-08-06,1.35,1.30,1.34,"71,200",15,10
algonquin,2015-08-07,1.48,1.40,1.44,"86,600",21,12
algonquin,2015-08-10,1.95,1.75,1.82,"80,600",17,8
algonquin,2015-08-11,2.05,1.95,1.99,"68,500",16,10
algonquin,2015-08-12,2.45,2.30,2.37,"145,400",31,12
algonquin,2015-08-13,2.35,2.25,2.31,"101,000",19,7
algonquin,2015-08-14,3.30,2.95,3.12,"88,100",23,16
algonquin,2015-08-17,3.40,3.14,3.23,"152,100",31,13
algonquin,2015-08-18,3.00,2.50,2.60,"184,900",39,20
algonquin,2015-08-19,2.74,2.50,2.62,"209,800",37,17
algonquin,2015-08-20,2.79,2.71,2.75,"44,300",13,14
algonquin,2015-08-21,2.55,2.25,2.35,"142,300",32,16
algonquin,2015-08-24,3.20,2.85,2.94,"67,900",16,10
algonquin,2015-08-25,3.39,3.20,3.30,"102,900",29,14
algonquin,2015-08-26,3.20,2.90,3.08,"116,200",32,13
algonquin,2015-08-27,2.82,2.30,2.71,"99,800",31,14
algonquin,2015-08-28,2.80,2.60,2.66,"60,100",19,11
algonquin,2015-08-31,3.80,3.55,3.75,"146,500",34,20
algonquin,2015-09-01,3.75,3.50,3.65,"164,500",34,14
algonquin,2015-09-02,3.25,3.10,3.16,"48,200",12,11
algonquin,2015-09-03,2.45,2.13,2.27,"36,900",14,9
algonquin,2015-09-04,3.05,2.75,3.00,"140,100",30,18
algonquin,2015-09-08,3.75,3.65,3.70,"72,400",19,13
algonquin,2015-09-09,4.00,3.50,3.77,"80,700",24,16
algonquin,2015-09-10,3.10,2.50,2.67,"98,300",22,13
algonquin,2015-09-11,2.30,2.00,2.10,"57,600",20,19
algonquin,2015-09-14,2.50,2.00,2.32,"104,800",30,14
algonquin,2015-09-15,2.15,1.86,1.93,"65,200",20,16
algonquin,2015-09-16,2.75,2.50,2.55,"57,500",17,12
algonquin,2015-09-17,5.20,4.00,4.73,"154,800",46,20
algonquin,2015-09-18,4.65,3.40,4.37,"147,100",41,20
algonquin,2015-09-21,3.50,2.40,3.14,"124,700",30,17
algonquin,2015-09-22,3.25,1.95,2.70,"181,500",42,22
algonquin,2015-09-23,2.15,1.95,2.01,"72,600",18,13
algonquin,2015-09-24,2.07,1.75,1.96,"128,000",30,16
algonquin,2015-09-25,1.70,1.50,1.65,"133,600",33,19
algonquin,2015-09-28,2.22,2.00,2.16,"37,300",10,11
algonquin,2015-09-29,2.25,2.00,2.09,"127,000",32,18
algonquin,2015-09-30,2.50,1.80,2.19,"29,500",8,9
algonquin,2015-10-01,2.15,1.95,2.03,"64,000",16,15
algonquin,2015-10-02,1.60,1.37,1.46,"50,000",22,16
algonquin,2015-10-05,3.30,2.90,3.16,"86,700",19,13
algonquin,2015-10-06,2.95,2.85,2.92,"64,500",18,11
algonquin,2015-10-07,2.85,2.70,2.78,"42,500",11,10
algonquin,2015-10-08,2.65,2.40,2.51,"37,200",11,10
algonquin,2015-10-09,2.70,2.30,2.58,"70,700",15,9
algonquin,2015-10-12,2.80,2.50,2.69,"84,300",18,13
algonquin,2015-10-13,3.00,2.68,2.86,"158,200",28,15
algonquin,2015-10-14,2.88,2.82,2.87,"50,600",13,11
algonquin,2015-10-15,3.10,2.90,2.96,"122,100",28,15
algonquin,2015-10-16,5.75,4.50,4.73,"83,500",19,14
algonquin,2015-10-19,5.00,4.60,4.97,"99,600",23,12
algonquin,2015-10-20,3.75,3.50,3.65,"80,100",17,12
algonquin,2015-10-21,3.00,2.90,2.96,"33,100",7,8
algonquin,2015-10-22,6.00,4.40,4.86,"84,800",21,17
algonquin,2015-10-23,5.50,3.65,5.16,"102,600",30,13
algonquin,2015-10-26,6.90,6.30,6.55,"128,200",32,17
algonquin,2015-10-27,6.00,4.75,5.50,"61,400",12,12
algonquin,2015-10-28,7.00,6.00,6.34,"27,400",8,8
algonquin,2015-10-29,6.00,5.50,5.82,"100,400",27,15
algonquin,2015-10-30,5.55,4.20,4.83,"140,400",32,16
algonquin,2015-11-02,5.25,4.10,4.74,"53,400",12,9
algonquin,2015-11-03,4.35,4.25,4.31,"26,100",10,8
algonquin,2015-11-04,4.00,3.65,3.95,"53,100",17,11
algonquin,2015-11-05,2.75,2.50,2.68,"14,900",5,6
algonquin,2015-11-06,4.70,4.25,4.48,"74,800",25,18
algonquin,2015-11-09,3.35,3.00,3.15,"54,400",18,13
algonquin,2015-11-10,2.50,2.27,2.42,"72,700",19,12
algonquin,2015-11-11,2.75,2.60,2.71,"64,000",15,9
algonquin,2015-11-12,2.80,2.30,2.61,"22,700",7,8
algonquin,2015-11-13,2.70,2.50,2.58,"21,000",8,9
algonquin,2015-11-16,2.50,2.20,2.40,"68,800",13,9
algonquin,2015-11-17,2.32,2.25,2.25,"27,600",7,6
algonquin,2015-11-18,1.95,1.80,1.85,"38,200",13,13
algonquin,2015-11-19,2.40,2.20,2.30,"29,300",9,11
algonquin,2015-11-20,4.50,3.75,4.33,"67,200",21,16
algonquin,2015-11-23,4.65,4.00,4.47,"27,300",13,14
algonquin,2015-11-24,2.50,2.10,2.23,"70,800",17,13
algonquin,2015-11-25,2.80,2.50,2.66,"11,100",6,7
algonquin,2015-11-30,2.50,2.30,2.38,"17,600",8,10
algonquin,2015-12-01,2.40,2.20,2.33,"78,000",19,14
algonquin,2015-12-02,2.81,2.40,2.74,"63,700",19,13
algonquin,2015-12-03,2.81,2.40,2.74,"63,700",19,13
algonquin,2015-12-04,2.20,2.10,2.14,"64,700",24,14
algonquin,2015-12-07,2.80,2.45,2.54,"16,400",10,7
algonquin,2015-12-08,2.23,2.00,2.14,"61,800",21,15
algonquin,2015-12-09,1.85,1.75,1.79,"34,500",11,12
algonquin,2015-12-10,1.55,1.20,1.39,"29,700",9,9
algonquin,2015-12-11,1.15,0.90,1.05,"61,300",21,14
algonquin,2015-12-14,1.40,1.35,1.39,"12,700",6,7
algonquin,2015-12-15,1.85,1.57,1.71,"17,900",8,10
algonquin,2015-12-16,2.00,1.80,1.93,"42,400",9,11
algonquin,2015-12-17,2.40,2.25,2.37,"67,800",22,15
algonquin,2015-12-18,3.00,2.80,2.92,"64,800",20,16
algonquin,2015-12-21,1.80,1.60,1.68,"37,300",10,9
algonquin,2015-12-22,1.45,1.20,1.33,"52,100",13,10
algonquin,2015-12-23,1.00,0.85,0.96,"44,600",12,12
algonquin,2015-12-24,1.78,1.40,1.57,"54,700",18,16
algonquin,2015-12-28,5.00,3.00,4.54,"60,700",16,13
algonquin,2015-12-29,4.50,4.35,4.38,"6,100",3,3
algonquin,2015-12-30,5.00,4.25,4.64,"79,800",23,21
algonquin,2015-12-31,5.50,5.00,5.23,"83,200",27,16
